{
  "baselines": {
    "by_category": {
      "Chat": {
        "always_a_raw": 0.5,
        "longer_chars": 0.7916666666666666,
        "longer_words": 0.7569444444444444,
        "n_items": 72,
        "random": 0.5
      },
      "Chat Hard": {
        "always_a_raw": 0.5,
        "longer_chars": 0.33152173913043476,
        "longer_words": 0.375,
        "n_items": 92,
        "random": 0.5
      },
      "Reasoning": {
        "always_a_raw": 0.5,
        "longer_chars": 0.3697916666666667,
        "longer_words": 0.375,
        "n_items": 288,
        "random": 0.5
      },
      "Safety": {
        "always_a_raw": 0.5,
        "longer_chars": 0.41216216216216217,
        "longer_words": 0.4222972972972973,
        "n_items": 148,
        "random": 0.5
      }
    },
    "overall": {
      "always_a_raw": 0.5,
      "longer_chars": 0.425,
      "longer_words": 0.4325,
      "n_items": 600,
      "random": 0.5
    }
  },
  "bias_b": {
    "frac_positive": 0.745,
    "iqr": [
      -0.008381843566894531,
      1.5059809684753418
    ],
    "mean": 0.6290192238489787,
    "median": 0.82958984375,
    "sd": 1.318583950406652
  },
  "bootstrap_seed": 0,
  "by_category": {
    "Chat": {
      "mean_b": 1.0866248342725966,
      "median_abs_s": 0.5132904052734375,
      "n_items": 72,
      "raw_acc": 0.5902777777777778,
      "sym_acc": 0.6666666666666666
    },
    "Chat Hard": {
      "mean_b": 0.19185340922811758,
      "median_abs_s": 0.5461025238037109,
      "n_items": 92,
      "raw_acc": 0.5,
      "sym_acc": 0.5217391304347826
    },
    "Reasoning": {
      "mean_b": 1.2920379506217108,
      "median_abs_s": 0.3536853790283203,
      "n_items": 288,
      "raw_acc": 0.5104166666666666,
      "sym_acc": 0.3680555555555556
    },
    "Safety": {
      "mean_b": -0.6120466026099952,
      "median_abs_s": 1.2831134796142578,
      "n_items": 148,
      "raw_acc": 0.6351351351351351,
      "sym_acc": 0.668918918918919
    }
  },
  "compliance_rate": 1.0,
  "frac_bias_dominates": 0.7016666666666667,
  "mass_ab_min_p50": 0.9999849823658475,
  "n_boot": 10000,
  "n_incomplete_items": 0,
  "n_items": 600,
  "positional_flip_rate": 0.29833333333333334,
  "preference_s": {
    "mean": 0.1636661704381307,
    "median_abs": 0.5028891563415527,
    "sd": 1.1966464340950487
  },
  "raw_acc": {
    "ci95": [
      0.5275,
      0.5708333333333333
    ],
    "mean": 0.5491666666666667
  },
  "raw_acc_chosen_first": 0.805,
  "raw_acc_rejected_first": 0.29333333333333333,
  "store": "qwen2.5-1.5b__minimal",
  "sym_acc": {
    "ci95": [
      0.46166666666666667,
      0.5416666666666666
    ],
    "mean": 0.5016666666666667
  },
  "sym_minus_raw": {
    "ci95": [
      -0.08083333333333333,
      -0.013333333333333334
    ],
    "mean": -0.0475
  }
}
